{
    "z_score": {
        "global_features": {
            "moon_distance": {
                "mean": 1.6652907133102417,
                "std": 0.589443564414978
            },
            "airmass": {
                "mean": 0.1805194914340973,
                "std": 0.1015545204281807
            },
            "el": {
                "mean": 1.010780692100525,
                "std": 0.19771040976047516
            },
            "sun_dec": {
                "mean": -0.2017606496810913,
                "std": 0.18805693089962006
            },
            "sun_el": {
                "mean": -0.607239305973053,
                "std": 0.21403402090072632
            },
            "moon_dec": {
                "mean": -0.04271615296602249,
                "std": 0.23001864552497864
            },
            "moon_el": {
                "mean": -0.09554501622915268,
                "std": 0.6113494634628296
            },
            "sky_brightness_g": {
                "mean": 21.28816032409668,
                "std": 1.1657413244247437
            },
            "sky_brightness_r": {
                "mean": 20.792566299438477,
                "std": 0.7413191795349121
            },
            "sky_brightness_i": {
                "mean": 19.83275604248047,
                "std": 0.4124276041984558
            },
            "sky_brightness_z": {
                "mean": 18.852909088134766,
                "std": 0.16334912180900574
            },
            "sky_brightness_Y": {
                "mean": 18.04737091064453,
                "std": 0.1052677258849144
            },
            "fwhm": {
                "mean": -0.041058249771595,
                "std": 0.22481393814086914
            }
        },
        "bin_features": {
            "el": {
                "mean": 0.582606315612793,
                "std": 0.3707912564277649
            },
            "dec": {
                "mean": -0.3114677667617798,
                "std": 0.6082828044891357
            },
            "airmass": {
                "mean": 0.9146448373794556,
                "std": 0.8106762766838074
            },
            "sun_distance": {
                "mean": 1.911768913269043,
                "std": 0.5932347774505615
            },
            "moon_distance": {
                "mean": 1.6248812675476074,
                "std": 0.6812270283699036
            },
            "min_tiling_g": {
                "mean": 0.42265239357948303,
                "std": 0.3101617693901062
            },
            "min_tiling_r": {
                "mean": 0.42902517318725586,
                "std": 0.3191429078578949
            },
            "min_tiling_i": {
                "mean": 0.4714881479740143,
                "std": 0.3363354504108429
            },
            "min_tiling_z": {
                "mean": 0.3359825909137726,
                "std": 0.333208292722702
            },
            "min_tiling_Y": {
                "mean": 0.5280420780181885,
                "std": 0.3365195691585541
            },
            "num_incomplete_fields_g": {
                "mean": 0.9162647724151611,
                "std": 0.2355470359325409
            },
            "num_incomplete_fields_r": {
                "mean": 0.9121326804161072,
                "std": 0.24321752786636353
            },
            "num_incomplete_fields_i": {
                "mean": 0.8506933450698853,
                "std": 0.3236050307750702
            },
            "num_incomplete_fields_z": {
                "mean": 0.9056409597396851,
                "std": 0.2553773820400238
            },
            "num_incomplete_fields_Y": {
                "mean": 0.8074503540992737,
                "std": 0.3500834107398987
            },
            "num_unvisited_fields_g": {
                "mean": 0.168775275349617,
                "std": 0.34788385033607483
            },
            "num_unvisited_fields_r": {
                "mean": 0.1850355565547943,
                "std": 0.36222681403160095
            },
            "num_unvisited_fields_i": {
                "mean": 0.17262883484363556,
                "std": 0.35505542159080505
            },
            "num_unvisited_fields_z": {
                "mean": 0.27582457661628723,
                "std": 0.4089899957180023
            },
            "num_unvisited_fields_Y": {
                "mean": 0.13524655997753143,
                "std": 0.31583544611930847
            },
            "delta_az": {
                "mean": 0.00018658617045730352,
                "std": 1.8137826919555664
            },
            "delta_el": {
                "mean": -0.43963637948036194,
                "std": 0.4140840172767639
            },
            "pointing_distance": {
                "mean": 1.0727593898773193,
                "std": 0.4751490354537964
            }
        }
    },
    "rel_norm": {
        "global_features": {},
        "bin_features": {
            "rel_moon_distance": {
                "mean": 3.678403970308608e-10,
                "std": 0.597991406917572
            },
            "rel_ha": {
                "mean": 2.3444909902359257e-10,
                "std": 1.1484369039535522
            },
            "rel_min_tiling_g": {
                "mean": 5.929312596464342e-10,
                "std": 0.14601962268352509
            },
            "rel_min_tiling_r": {
                "mean": 7.026267900833716e-10,
                "std": 0.13935190439224243
            },
            "rel_min_tiling_i": {
                "mean": 1.4120925262428585e-10,
                "std": 0.17675991356372833
            },
            "rel_min_tiling_z": {
                "mean": -7.425700054852769e-10,
                "std": 0.16499748826026917
            },
            "rel_min_tiling_Y": {
                "mean": -2.334245241542021e-09,
                "std": 0.16281156241893768
            },
            "rel_num_incomplete_fields_g": {
                "mean": -3.5481309001994532e-09,
                "std": 0.1764092743396759
            },
            "rel_num_incomplete_fields_r": {
                "mean": -3.6545368953255775e-09,
                "std": 0.17655552923679352
            },
            "rel_num_incomplete_fields_i": {
                "mean": -2.6230795313608724e-09,
                "std": 0.2695123851299286
            },
            "rel_num_incomplete_fields_z": {
                "mean": -3.6515399592929043e-09,
                "std": 0.17235685884952545
            },
            "rel_num_incomplete_fields_Y": {
                "mean": -3.3916385255849946e-09,
                "std": 0.25930818915367126
            },
            "rel_num_unvisited_fields_g": {
                "mean": -7.606860696895978e-10,
                "std": 0.2419135719537735
            },
            "rel_num_unvisited_fields_r": {
                "mean": -5.366049826704966e-10,
                "std": 0.22498713433742523
            },
            "rel_num_unvisited_fields_i": {
                "mean": -3.4936034620791645e-10,
                "std": 0.21691620349884033
            },
            "rel_num_unvisited_fields_z": {
                "mean": -6.356371540228167e-10,
                "std": 0.25198471546173096
            },
            "rel_num_unvisited_fields_Y": {
                "mean": -5.334397368272903e-10,
                "std": 0.2006131112575531
            },
            "rel_t_since_last_visit_g": {
                "mean": 0.0006335988291539252,
                "std": 1667155.25
            },
            "rel_t_since_last_visit_r": {
                "mean": 0.0,
                "std": 1532733.75
            },
            "rel_t_since_last_visit_i": {
                "mean": 0.0019553450401872396,
                "std": 1613027.75
            },
            "rel_t_since_last_visit_z": {
                "mean": -0.0010709812631830573,
                "std": 1508470.875
            },