{"field_id":{"0":0,"1":1,"2":2,"3":3,"4":4,"5":5,"6":6,"7":7,"8":8,"9":9,"10":10,"11":11,"12":12,"13":13,"14":14,"15":15,"16":16,"17":17,"18":18,"19":19,"20":20,"21":21,"22":22,"23":23,"24":24,"25":25,"26":26,"27":27,"28":28},"object":{"0":"DELVE field: 5111-04-i","1":"DELVE field: 5156-04-i","2":"DELVE field: 5155-04-i","3":"DELVE field: 5153-04-i","4":"DELVE field: 5152-04-i","5":"DELVE field: 5135-04-i","6":"DELVE field: 5134-04-i","7":"DELVE field: 8319-04-i","8":"DELVE field: 8337-04-i","9":"DELVE field: 8336-04-i","10":"DELVE field: 5119-02-r","11":"DELVE field: 11829-01-r","12":"DELVE field: 11829-02-r","13":"DELVE field: 11830-02-r","14":"DELVE field: 11787-02-r","15":"DELVE field: 11788-02-r","16":"DELVE field: 11833-02-r","17":"DELVE field: 11852-02-r","18":"DELVE field: 11867-04-i","19":"DELVE field: 11848-04-i","20":"DELVE field: 11849-04-i","21":"DELVE field: 11850-04-i","22":"DELVE field: 11809-04-i","23":"DELVE field: 11788-04-i","24":"DELVE field: 11789-04-i","25":"DELVE field: 11810-04-i","26":"DELVE field: 11871-03-i","27":"DELVE field: 11870-04-i","28":"DELVE field: 11883-04-i"},"ra":{"0":5.4531363855,"1":5.5788349983,"2":5.6102683781,"3":5.672611539,"4":5.7035911332,"5":5.6912691087,"6":5.721899637,"7":5.7344834609,"8":5.747311631,"9":5.7784308515,"10":5.6528980451,"11":5.5999412649,"12":5.5872213053,"13":5.6166388299,"14":5.6407680068,"15":5.67076149,"16":5.7050519738,"17":5.6921470093,"18":5.6771319417,"19":5.6481594761,"20":5.6313519554,"21":5.6605338605,"22":5.6849859234,"23":5.6972032281,"24":5.7272577978,"25":5.7147612404,"26":5.7660913737,"27":5.7648172833,"28":5.7513607948},"dec":{"0":0.243909763,"1":0.3285407784,"2":0.3292040035,"3":0.3293261766,"4":0.3288374844,"5":0.3020641336,"6":0.3013310954,"7":0.3279997263,"8":0.3546334507,"9":0.3533593604,"10":0.2675537383,"11":0.1946914781,"12":0.1873576045,"13":0.1868846203,"14":0.2407629343,"15":0.2400002254,"16":0.1844882833,"17":0.1575735609,"18":0.1389282085,"19":0.1393994474,"20":0.1671676358,"21":0.1667313034,"22":0.2209237767,"23":0.2478193005,"24":0.2469989957,"25":0.2202081917,"26":0.1421972101,"27":0.1369734397,"28":0.1099382896},"exptime":{"0":90.0,"1":90.0,"2":90.0,"3":90.0,"4":90.0,"5":90.0,"6":90.0,"7":90.0,"8":90.0,"9":90.0,"10":90.0,"11":90.0,"12":90.0,"13":90.0,"14":90.0,"15":90.0,"16":90.0,"17":90.0,"18":90.0,"19":90.0,"20":90.0,"21":90.0,"22":90.0,"23":90.0,"24":90.0,"25":90.0,"26":90.0,"27":90.0,"28":90.0},"n_visits":{"0":1,"1":1,"2":1,"3":1,"4":1,"5":1,"6":1,"7":1,"8":1,"9":1,"10":1,"11":1,"12":1,"13":1,"14":1,"15":1,"16":1,"17":1,"18":1,"19":1,"20":1,"21":1,"22":1,"23":1,"24":1,"25":1,"26":1,"27":1,"28":1},"dithers":{"0":[[5.4531363855,0.243909763]],"1":[[5.5788349983,0.3285407784]],"2":[[5.6102683781,0.3292040035]],"3":[[5.672611539,0.3293261766]],"4":[[5.7035911332,0.3288374844]],"5":[[5.6912691087,0.3020641336]],"6":[[5.721899637,0.3013310954]],"7":[[5.7344834609,0.3279997263]],"8":[[5.747311631,0.3546334507]],"9":[[5.7784308515,0.3533593604]],"10":[[5.6528980451,0.2675537383]],"11":[[5.5999412649,0.1946914781]],"12":[[5.5872213053,0.1873576045]],"13":[[5.6166388299,0.1868846203]],"14":[[5.6407680068,0.2407629343]],"15":[[5.67076149,0.2400002254]],"16":[[5.7050519738,0.1844882833]],"17":[[5.6921470093,0.1575735609]],"18":[[5.6771319417,0.1389282085]],"19":[[5.6481594761,0.1393994474]],"20":[[5.6313519554,0.1671676358]],"21":[[5.6605338605,0.1667313034]],"22":[[5.6849859234,0.2209237767]],"23":[[5.6972032281,0.2478193005]],"24":[[5.7272577978,0.2469989957]],"25":[[5.7147612404,0.2202081917]],"26":[[5.7660913737,0.1421972101]],"27":[[5.7648172833,0.1369734397]],"28":[[5.7513607948,0.1099382896]]},"filters":{"0":["i"],"1":["i"],"2":["i"],"3":["i"],"4":["i"],"5":["i"],"6":["i"],"7":["i"],"8":["i"],"9":["i"],"10":["r"],"11":["r"],"12":["r"],"13":["r"],"14":["r"],"15":["r"],"16":["r"],"17":["r"],"18":["i"],"19":["i"],"20":["i"],"21":["i"],"22":["i"],"23":["i"],"24":["i"],"25":["i"],"26":["i"],"27":["i"],"28":["i"]},"priorities":{"0":[4.0],"1":[4.0],"2":[4.0],"3":[4.0],"4":[4.0],"5":[4.0],"6":[4.0],"7":[4.0],"8":[4.0],"9":[4.0],"10":[2.0],"11":[1.0],"12":[2.0],"13":[2.0],"14":[2.0],"15":[2.0],"16":[2.0],"17":[2.0],"18":[4.0],"19":[4.0],"20":[4.0],"21":[4.0],"22":[4.0],"23":[4.0],"24":[4.0],"25":[4.0],"26":[3.0],"27":[4.0],"28":[4.0]}}