{"0": [5.453136385528367, 0.24390976296620756], "1": [5.578834998256999, 0.3285407783954126], "2": [5.610268378085417, 0.3292040035111704], "3": [5.672611538966654, 0.32932617655881], "4": [5.703591133189553, 0.32883748436825166], "5": [5.691269108670473, 0.3020641336426586], "6": [5.721899637042974, 0.301331095356821], "7": [5.7344834609498525, 0.32799972632729435], "8": [5.747311630952011, 0.3546334507127278], "9": [5.77843085151507, 0.3533593603587719], "10": [5.6528980450653785, 0.26755373834297475], "11": [5.599941264901366, 0.19469147805996745], "12": [5.5872213053128315, 0.18735760454308728], "13": [5.616638829855196, 0.18688462031579683], "14": [5.640768006764017, 0.2407629343248618], "15": [5.67076148995954, 0.24000022544174024], "16": [5.705051973773473, 0.1844882832528086], "17": [5.692147009284227, 0.15757356085780405], "18": [5.677131941729319, 0.13892820845874862], "19": [5.648159476146214, 0.1393994473567871], "20": [5.6313519554495075, 0.16716763575601687], "21": [5.660533860542853, 0.1667313034430183], "22": [5.6849859233632944, 0.22092377671744223], "23": [5.697203228127254, 0.24781930049067485], "24": [5.727257797846597, 0.2469989957422375], "25": [5.714761240402317, 0.22020819172412456], "26": [5.76609137370347, 0.142197210147734], "27": [5.764817283349514, 0.136973439696515], "28": [5.751360794816638, 0.10993828958312282]}