{
    "z_score": {
        "global_features": {
            "moon_distance": {
                "mean": 1.6652907133102417,
                "std": 0.589443564414978
            },
            "airmass": {
                "mean": 0.1805194914340973,
                "std": 0.1015545204281807
            },
            "el": {
                "mean": 1.010780692100525,
                "std": 0.19771040976047516
            },
            "sun_dec": {
                "mean": -0.2017606496810913,
                "std": 0.18805693089962006
            },
            "sun_el": {
                "mean": -0.607239305973053,
                "std": 0.21403402090072632
            },
            "moon_dec": {
                "mean": -0.04271615296602249,
                "std": 0.23001864552497864
            },
            "moon_el": {
                "mean": -0.09554501622915268,
                "std": 0.6113494634628296
            },
            "sky_brightness_g": {
                "mean": 21.28816032409668,
                "std": 1.1657413244247437
            },
            "sky_brightness_r": {
                "mean": 20.792566299438477,
                "std": 0.7413191795349121
            },
            "sky_brightness_i": {
                "mean": 19.83275604248047,
                "std": 0.4124276041984558
            },
            "sky_brightness_z": {
                "mean": 18.852909088134766,
                "std": 0.16334912180900574
            },
            "sky_brightness_Y": {
                "mean": 18.04737091064453,
                "std": 0.1052677258849144
            },
            "fwhm": {
                "mean": 0.06473647058010101,
                "std": 0.28626444935798645
            }
        },
        "bin_features": {
            "el": {
                "mean": 0.5767221450805664,
                "std": 0.3736397325992584
            },
            "dec": {
                "mean": -0.30823051929473877,
                "std": 0.6100751757621765
            },
            "airmass": {
                "mean": 0.9504528641700745,
                "std": 0.8763146996498108
            },
            "sun_distance": {
                "mean": 1.9082834720611572,
                "std": 0.5948853492736816
            },
            "moon_distance": {
                "mean": 1.6243280172348022,
                "std": 0.68141770362854
            },
            "min_tiling_g": {
                "mean": 0.47007855772972107,
                "std": 0.3073522746562958
            },
            "min_tiling_r": {
                "mean": 0.468203067779541,
                "std": 0.31612300872802734
            },
            "min_tiling_i": {
                "mean": 0.49766379594802856,
                "std": 0.32692793011665344
            },
            "min_tiling_z": {
                "mean": 0.38559794425964355,
                "std": 0.33603668212890625
            },
            "min_tiling_Y": {
                "mean": 0.580232560634613,
                "std": 0.327835351228714
            },
            "num_incomplete_fields_g": {
                "mean": 0.9321724772453308,
                "std": 0.24162466824054718
            },
            "num_incomplete_fields_r": {
                "mean": 0.9281603097915649,
                "std": 0.2486487179994583
            },
            "num_incomplete_fields_i": {
                "mean": 0.8844624757766724,
                "std": 0.31151700019836426
            },
            "num_incomplete_fields_z": {
                "mean": 0.9199854135513306,
                "std": 0.2619151473045349
            },
            "num_incomplete_fields_Y": {
                "mean": 0.8296041488647461,
                "std": 0.367500901222229
            },
            "num_unvisited_fields_g": {
                "mean": 0.16380910575389862,
                "std": 0.36552831530570984
            },
            "num_unvisited_fields_r": {
                "mean": 0.18103918433189392,
                "std": 0.38089680671691895
            },
            "num_unvisited_fields_i": {
                "mean": 0.17167061567306519,
                "std": 0.3732798099517822
            },
            "num_unvisited_fields_z": {
                "mean": 0.27136701345443726,
                "std": 0.4372868835926056
            },
            "num_unvisited_fields_Y": {
                "mean": 0.13134682178497314,
                "std": 0.33175233006477356
            },
            "delta_az": {
                "mean": 7.057981565594673e-05,
                "std": 1.8137954473495483
            },
            "delta_el": {
                "mean": -0.4455210566520691,
                "std": 0.41663649678230286
            },
            "pointing_distance": {
                "mean": 1.0778403282165527,
                "std": 0.47706708312034607
            }
        }
    },
    "rel_norm": {
        "global_features": {},
        "bin_features": {
            "rel_moon_distance": {
                "mean": -2.710472957190291e-10,
                "std": 0.6000147461891174
            },
            "rel_ha": {
                "mean": -8.701040443703789e-10,
                "std": 1.1555919647216797
            },
            "rel_min_tiling_g": {
                "mean": 1.3691088540657148e-10,
                "std": 0.13968518376350403
            },
            "rel_min_tiling_r": {
                "mean": 5.282053683330901e-10,
                "std": 0.13019053637981415
            },
            "rel_min_tiling_i": {
                "mean": 9.73576289031719e-11,
                "std": 0.15627452731132507
            },
            "rel_min_tiling_z": {
                "mean": 6.592270479499618e-11,
                "std": 0.1573381870985031
            },
            "rel_min_tiling_Y": {
                "mean": -1.994082454714885e-09,
                "std": 0.1529514491558075
            },
            "rel_num_incomplete_fields_g": {
                "mean": -1.0595215371722588e-08,
                "std": 0.18401728570461273
            },
            "rel_num_incomplete_fields_r": {
                "mean": -9.64019708504793e-09,
                "std": 0.1834467202425003
            },
            "rel_num_incomplete_fields_i": {
                "mean": -1.0299538111269158e-08,
                "std": 0.2538125216960907
            },
            "rel_num_incomplete_fields_z": {
                "mean": -1.079501554812623e-08,
                "std": 0.1801033318042755
            },
            "rel_num_incomplete_fields_Y": {
                "mean": -1.0640470726741569e-08,
                "std": 0.2824777066707611
            },
            "rel_num_unvisited_fields_g": {
                "mean": -2.5260236125035362e-09,
                "std": 0.2662217915058136
            },
            "rel_num_unvisited_fields_r": {
                "mean": -2.3176465191454554e-09,
                "std": 0.2534557282924652
            },
            "rel_num_unvisited_fields_i": {
                "mean": -2.4597659464831167e-09,
                "std": 0.24584826827049255
            },
            "rel_num_unvisited_fields_z": {
                "mean": -3.787229196916542e-09,
                "std": 0.29386356472969055
            },
            "rel_num_unvisited_fields_Y": {
                "mean": -1.996712795104827e-09,
                "std": 0.22578027844429016
            },
            "rel_t_since_last_visit_g": {
                "mean": 0.0007966352859511971,
                "std": 1878645.875
            },
            "rel_t_since_last_visit_r": {
                "mean": -0.00040998999611474574,
                "std": 1714503.5
            },
            "rel_t_since_last_visit_i": {
                "mean": 0.00020643924653995782,
                "std": 1757595.375
            },
            "rel_t_since_last_visit_z": {
                "mean": -0.001636576373130083,
                "std": 1668177.75
            },